Account Name,Website
(add)ventures,http://www.addventures.com
1986 Studios,http://www.1986studios.com
1stAveMachine,http://www.1stavemachine.com
21GRAMS,http://www.21gramsworld.com
22squared,http://www.22squared.com
3 Advertising,http://www.3advertising.com
"31,000 FT. Ad Agency",http://www.31000ft.com
345 MARKETING,http://www.mark345.com
5WPR,http://www.5wpr.com
71 West,http://www.71west.com
76research,http://www.76research.com
9Rooftops,
A+E Global Media,http://www.aegm.com
A2Z Media Group,http://www.a2zmediagroup.com
AbelsonTaylor Group,http://www.abelsontaylorgroup.com
ABV AGENCY & GALLERY,http://www.abvatl.com
Ackerman McQueen,http://www.am.com
ADG Creative,http://www.adgcreative.net
Adventure House,http://www.adventurehousenyc.com
Afton Klein Group,http://www.aftonkleingroup.com
Agency Habitat,http://www.agencyhabitat.com
Allison Worldwide,http://www.allisonworldwide.com
Ampersand Strategies,http://www.ampersandstrategies.com
Analyst Builder,http://www.analystbuilder.com
Analytical-Solution,http://www.analytical-solution.com
Appleyard Duncan McCall,http://www.appleyardagency.com
ARC Creative,http://www.arc-creative.us
Arc Worldwide,http://www.arcww.com
Archer,http://www.wearearcher.com
Arnold Worldwide,http://www.arn.com
Astronaut Monastery,http://www.astronautmonastery.com
Atypikal,http://www.atypikal.co
Augustine Agency,http://www.augustineagency.com
Aura Creative Agency,http://www.auraagncy.com
AV Squad,http://www.avsquad.com
Awakened Films,http://www.awakenedfilms.com
Awesome Inc,http://www.awesomeinc.com
Bake More Pies,http://www.bakemorepies.com
Ballmer Group,http://www.ballmergroup.org
Banner Studios,http://www.bannerstudios.com
Barbarian,https://Brave search – NYC independents
Barkley,http://www.barkleyokrp.com
BBDO Worldwide,http://www.bbdo.com
BBQ Agency,http://www.bbqagency.com
Be Good Studios,http://www.begoodstudios.com
Benchworks,http://www.benchworks.com
Betty,http://www.bettyagency.com
Biddyco,http://www.biddyco.com
Big Day the Agency,http://www.bigdaytheagency.com
Big Pic,http://www.bigpic.com
Bigeye,http://www.bigeyeagency.com
Black Eye: Dallas Branding + Design,http://www.blackeyedallas.com
Black Math,http://www.blackmath.com
Blackbox Visual,http://www.blackboxvisual.com
BlackMatter Creative,http://www.blackmattercreative.com
BlackRock,
Blitz Creative Studio,http://www.blitzcreative.la
Blood & Chocolate Inc.,http://www.bloodnchocolate.com
Blue Bear Creative - Social Media Agency,http://www.bluebearcreative.co
Blue Integrated Communications LLC,http://www.blueintegratedcommunications.com
Blur Studio,http://www.blur.com
"BNO a creative agency (Baldwin & Obenauf, Inc.)",http://www.bnoinc.com
"Boldium, LLC",http://www.boldium.com
Bon Aperture Productions,http://www.bonapertureproductions.com
Bonfire Labs,http://www.bonfirelabs.com
Bonfire Red,http://www.bonfirered.com
Boom Crate Studios,http://www.boomcrate.com
Born In June Creative Studio,http://www.borninjunecreative.com
Boyden & Youngblutt - Marketing & Advertising Agency,http://www.b-y.net
BOYER,http://www.theboyers.co
Brand Apart,http://www.brand-apart.com
Brand Ave. Studios,http://www.brandavestudios.com
Brand.co,http://www.brand.co
BrandFire,http://www.brandfire.com
Brave Berlin,http://www.braveberlin.com
Brazen Animation,http://www.brazenanimation.com
Bread n Butter Content Studio,http://www.bnbcontentstudio.com
Breakout Creative,http://www.breakoutcreative.com
Breakthrough Energy,
Brenton Creative,http://www.brentoncreative.com
Brick City Greenhouse,http://www.brickcitygreenhouse.com
Brighton Agency,http://www.brightonagency.com
Brilliant Creative Agency,http://www.brilliantcreativeagency.com
Brokaw Inc.,http://www.brokaw.com
Brook-Schwartz+,http://www.brook-schwartzplus.com
Brownstein Group,http://www.brownsteingroup.com
Buchanan Public Relations,http://www.buchananpr.com
BUCK,http://www.buck.co
Bullseye Media,http://www.bmediallc.com
BVK,
BZA Public Relations (Brener Zwikel & Associates),http://www.bzapr.com
Campbell Ewald,http://www.c-e.com
Capital A,http://www.capitalacreative.com
Carbon,http://www.heycarbon.com
Carmichael Lynch,http://www.carmichaellynch.com
Carousel,http://www.carousel.co
Carpool Creative Agency,http://www.carpoolcreative.com
CARTEL Editing & Post-Production,http://www.cartel.tv
Casanova//McCann,http://www.casanova.com
CashmanKatz,http://www.cashmankatz.com
Catbird Creative Agency,http://www.hellocatbird.com
CB Communications,http://www.cbeecommunications.com
CenterRock Advertising,http://www.centerrockadvertising.com
ChappellRoberts,http://www.chappellroberts.com
Cheeky,http://www.wearecheeky.agency
Chemistry,http://www.chemistryagency.com
Chernoff Newman,http://www.chernoffnewman.com
"Cimcor, Inc.",
CIVIC,http://www.civic-us.com
CJRW,http://www.cjrw.com
Clark Creative Group,http://www.clarkcreativegroup.com
Clark Wolf Company Inc,http://www.clarkwolfcompany.com
CNET Group,http://www.cnetgroup.com
Code.org,http://www.code.org
ColinKurtis Advertising,http://www.colinkurtis.com
Colle McVoy,
Colorbars Creative Agency,http://www.colorbars.com
Colorspace Labs,http://www.colorspacelabs.com
Company 8 Ad Group,http://www.company8adgroup.com
Conan,http://www.teamcoco.com
Concept A Creative Studio,http://www.conceptacreative.com
Conscious Minds,http://www.cm.studio
Consulate NYC,http://www.consulatenyc.com
Copacino+Fujikado,
Copper & Heat,http://www.copperandheat.com
Core-Rx Communications,http://www.core-rx.com
Cove Creative Studio,http://www.covecreativestudio.com
Cramer,http://www.cramer.com
Create,http://www.createadvertising.com
Creo Collective,http://www.creocollective.io
Crispy Chicken Social Media Agency,http://www.crispychicken.co
Crosley+Company,http://www.crosleycompany.com
CrowdPharm,http://www.crowdpharm.com
Crowley Webb,http://www.crowleywebb.com
CYLNDR Studios,http://www.cylndr.com
Cynosure Creative Agency,http://www.cynosureca.com
D S Simon Media,http://www.dssimon.com
D4 Creative Group,http://www.d4creative.com
"Daily Planet Productions, Ltd.",http://www.dailyplanetltd.com
Datalily,http://www.datalily.com
Dataprana,
Davis Ad Agency,http://www.davisadagency.com
Day One Agency,http://www.d1a.com
DDB,http://www.ddb.com
Deep Focus,http://www.deepfocus.agency
Deep Fried Advertising,http://www.deepfried.com
DEEPAK CHOPRA LLC,
Del Sur Creative Agency,http://www.delsurcreative.com
Demetre Design,http://www.demetre.design
Deutsch,http://www.deutsch.com
DEVRIES GLOBAL,http://www.devriesglobal.com
DHD Films,http://www.dhdfilms.com
Diesel Jack Media,http://www.dieseljackmedia.com
Digital HQ,http://www.dgtlhq.com
Digital Kitchen,http://www.thisisdk.com
"Digital Sound & Video, Inc.",http://www.digitalsoundandvideo.com
Digitas North America,http://www.digitas.com
DLP Media Group,http://www.dlpmediagroup.com
DNA,
DNA&STONE,http://www.dnaandstone.com
Doner,http://www.doner.com
Doubleday & Cartwright,http://www.doubledayandcartwright.com
DoubleShot Creative,http://www.doubleshotcreative.com
Drive Advertising,http://www.driveadvertising.com
Duggal Visual Solutions,http://www.duggal.com
dvk,http://www.dvkmarketing.com
ECHOS Brand Communications,http://www.echoscomm.com
Edelman,http://www.edelman.com
Eighty2degrees Design Studio,http://www.eighty2degrees.com
El Autobus Anchor,http://www.elautobus.com
El Puerto Agency®,http://www.elpuertoagency.com
Elixir Design,http://www.elixirdesign.com
en mode design,http://www.enmodedesign.com
Endurance,
EP+Co,http://www.epandco.com
Epoch Advertising Agency,http://www.epoch-adv.com
Ethos Creative Studios,http://www.ethosstudios.com
EVERSANA INTOUCH,http://www.eversanaintouch.com
Evolve Studios®,http://www.evolve.studio
ExpandVA,
EY,
Eyedea Advertising & Design Studio,http://www.eyedea.com
FalkHarrison,http://www.falkharrison.com
"Fancy, LLC",http://www.fancynyc.com
FARM Marketing Agency,http://www.growwithfarm.com
FCB Global,http://www.fcb.com
Ferguson,http://www.theferg.com
Fifth Element,http://www.fifthelement.nyc
FIG,
First Media US,http://www.first.media
Fish Eggs,http://www.fisheggs.tv
FiveWest Interiors,http://www.fivewestinteriors.com
FleishmanHillard,http://www.fleishmanhillard.com
Flying Machine,http://www.flyingmachine.tv
Follow the Leader,http://www.followtheleader.work
Fortress Studios,http://www.fortress.la
Four Winds Creative - Helping tech companies stand out through outstanding video content,http://www.fourwindscreative.com
FRAME,http://www.frame-store.com
Franc,http://www.franc.tv
Fresh Tape Media,http://www.freshtapemedia.com
Future of Privacy Forum,http://www.fpf.org
FWD People,http://www.fwdpeople.com
GEM et AL,http://www.gem-etal.com
Generator Automotive Media,http://www.generatorautomedia.com
GH,http://www.ghadv.com
gira{ph},http://www.giraphcu.com
Girls With Impact,http://www.girlswithimpact.org
GNNR,http://www.gnnrcompany.com
Goleman Consulting Group,
Golin,http://www.golin.com
Good Secrets,http://www.goodsecrets.co
goPOP FILMS,http://www.gopopfilms.com
Grand Union Creative,http://www.grandunioncreative.com
GrandSon Creative,http://www.grandsonla.com
Grayson Sky,http://www.graysonsky.com
Greenough Communications,http://www.greenoughagency.com
Gretchen Rubin Media,
Grooters,http://www.grooters.us
Group Project,http://www.groupproject.studio
GSD&M,http://www.gsdm.com
Guggenheim Architecture + Design Studio,http://www.guggenheimstudio.com
GYK,http://www.heygyk.com
HangarFour Creative,http://www.hangarfour.co
Hart & Highland,http://www.hartandhighland.com
Harvest Creative Services,http://www.harvestcreativeservices.com
Hashtag Creative Co,http://www.hashtagcreative.co
Havas Life Chelsea,http://www.h4bchelsea.com
Heartbeat,http://www.weareheartbeat.com
Highspring,
Highwire,http://www.teamhighwire.com
Hill Holliday,http://www.hhcc.com
Hitch,http://www.hitch.co
Hoff Studios,http://www.hoffstudios.com
Hold Fast & Co,http://www.holdfast-co.com
Holden Ellis,http://www.holdenellis.com
Hornet,http://www.hellohornet.com
House of Parliament,http://www.houseofparliament.com
HouseSpecial,http://www.housespecial.com
Human Workplace,
Hunt Adkins,http://www.huntadkins.com
Hydraulic,
ICON Creative Agency,http://www.iconcreative.agency
ID,http://www.id-pr.com
Idea Peddler,http://www.ideapeddler.com
Ideas Collide,http://www.ideascollide.com
IHEARTCOMIX,
Ilona Creative Studio,http://www.ilona.studio
Imaginary Forces,http://www.imaginaryforces.com
Imagine It! Media,http://www.imagineitmedia.com
Imre,http://www.imre.com
Indie Atlantic Films,http://www.indieatlantic.com
indigenous,http://www.indigenousmedia.com
Industrial Color,http://www.industrialcolor.com
"Insight Creative, Inc.",http://www.insightcreative.com
Interesting Development,
Invert Agency LLC,http://www.invertagency.com
IV Studio,http://www.iv.studio
J.Schmid,http://www.jschmid.com
"J3 Productions, Inc",http://www.j3productions.com
Jacques,http://www.jacques.com
JLPR,http://www.jlpr.com
JMG Public Relations,http://www.jmgpublicrelations.com
JOAN Studios,http://www.joan-studios.com
Johannes Leonardo,
John Lennon Educational Tour Bus,http://www.lennonbus.org
JOSHUA MILLER | Executive Leadership Coach,http://www.joshhmiller.com
JSP DESIGN STUDIO,http://www.jspdesignstudio.com
jSQ CREATIVE AGENCY LLC,http://www.jsqcreativeagency.com
JUICE Creative Group,http://www.juicecg.com
Jyra Films,http://www.jyrafilms.com
Kalmbach Media,http://www.kalmbach.com
Kamp Grizzly (LA),
Kern Collective,http://www.kerncollective.com
KHROME,http://www.khromeagency.com
Kickstand - Marketing and Advertising,http://www.heykickstand.com
KidGlov,http://www.kidglov.com
Kinopicz American,http://www.kinopicz.com
KNOCK Inc.,http://www.knockinc.com
Knotch,http://www.knotch.com
Known,https://Brave search – NYC independents
"KO-MAR Productions, Inc.",http://www.ko-mar.com
LAB Public Relations LLC,http://www.labpublicrelations.com
Latcha,http://www.latcha.com
LAUNDRY,http://www.laundry.studio
LAVIDGE,http://www.lavidge.com
Lawrence & Schiller,http://www.l-s.com
Leap Group,http://www.leapgroupnetwork.com
Leaubeau Brand Studio,
Leo Burnett,http://www.leoburnett.com
LEROY & ROSE,http://www.leroyandrose.com
Leverage - Creative Agency,http://www.leveragestl.com
Lewis,http://www.lewiscommunications.com
Link9,http://www.link9.com
LinkedIn,
Littlefield Agency,http://www.littlefieldagency.com
LiveWorld,http://www.liveworld.com
LocalEyes Video Production,http://www.localeyesit.com
LT,http://www.lt.agency
LULO DESIGN STUDIO,http://www.lulodesignstudio.com
Lure Digital,http://www.luredigital.com
M Booth,http://www.mbooth.com
Macias Creative,http://www.maciascreative.com
Malka,http://www.malkamedia.com
Mallard Agency,http://www.mallardagency.com
Mandalay Entertainment Group,http://www.mandalay.com
Manifest,http://www.manifest.com
Manifesto,https://Brave search – Milwaukee independents
MANUFACTURE,http://www.wearemanufacture.com
Marketing Agency,
"Marketing Performance, LLC",http://www.marketingperformance.net
Marketoonist,http://www.marketoonist.com
Marks,http://www.makemarks.com
Markus Drew Creative Agency,http://www.markusdrew.com
Marlin Connections,http://www.marlinconnections.net
Mars,http://www.mars.com
MARTIN*,http://www.martinagency.com
MBB,http://www.mbbagency.com
McCANN New York,http://www.mccannny.com
mdg,http://www.mdg.agency
Meadowlark Media,http://www.meadowlark-media.com
Media Grabbers,http://www.mediagrabbers.com
Mediabrands Content Studio,http://www.mbcsww.com
MediaVision Creative,http://www.mediavisioncreative.com
MEISTER,http://www.meister.tv
Melon Pan Media,http://www.melonpanmedia.com
Menace Studios,http://www.menacestudios.com
"MGH, Inc.",http://www.mghus.com
MH Media Strategies,http://www.mhmediastrategies.com
Microsoft,
Midnight Oil,http://www.moagency.com
MikeWorldWide,http://www.mww.com
Millennial Marketing Agency,http://www.millennialmarketingag.com
"MillerVolpe, Inc.",http://www.millervolpe.com
MINDS + ASSEMBLY,http://www.mna.co
Mindset Masters Marketing Agency,http://www.youbelongstrong.com
Mischief @ No Fixed Address,
Mistress,
MKR,http://www.mkragency.com
"MLC Expert Consulting, LLC | Top Marketing Agency",http://www.mlcexpert.com
MMTH Studio,http://www.mmth.co
Mob Scene,http://www.mobscene.com
MOCEAN,http://www.moceanla.com
Moms First,http://www.momsfirst.us
MONDIAL,http://www.mndl.com
mono,
Moon Rabbit,http://www.wearemoonrabbit.com
Morstar Inc.,
MRM,http://www.mrm.com
NantStudios,http://www.nantstudios.com
Nice + Company,http://www.niceandcompany.com
Nice Shoes,http://www.niceshoes.com
nice&frank,http://www.niceandfrank.com
NirAndFar.com,http://www.nirandfar.com
NoGood,https://Brave search – NYC independents
Normal. (Production Company I Creative Agency),http://www.normal.tv
North,
Notion,http://www.notion.com
NOX Media,http://www.wearenox.com
Ntropic,http://www.ntropic.com
OBERLAND,http://www.thisisoberland.com
OC Creative,http://www.occreates.com
october.tv,http://www.october.tv
OGK Creative,http://www.ogkcreative.com
"Ok, Friend.",http://www.okfriend.work
Okperfect,http://www.okperfect.com
OKRP,
Omelet,
ON BRAND Creative Agency,http://www.onbrandca.com
One Million by One Million (1Mby1M),http://www.1mby1m.com
One More Game,http://www.onemoregame.com
OneTen Creative,http://www.oneten-creative.com
Out of Home Creative,http://www.outofhomecreative.com
Outcast,http://www.thisisoutcast.com
Pace,http://www.paceco.com
Paramount Brand Studio,http://www.velocityparamount.com
Party Land,http://www.partyland.co
Pennant Video,http://www.pennant.video
Percival and Associates,http://www.percivalandassociates.com
Periscope,
Pivot Design,http://www.pivotdesign.com
Pivotal,
"Pixallure Design, LLC",http://www.pixallure.com
Pixel Farm,http://www.pixelfarm.com
PJA Marketing + Advertising,http://www.agencypja.com
Planet Super Studios,http://www.planetsuperstudios.com
"PLAYLAB, INC.",http://www.playlab.org
PodiumCraft,http://www.podiumcraft.com
Pollinate,
Porygon Studios LLC,http://www.porygonstudios.com
Potion Projects,http://www.potionprojects.com
Powerplay Design Studio,http://www.sfpowerplay.com
Practice Builders,http://www.practicebuilders.com
Praytell,http://www.praytellagency.com
Preston Spire,http://www.prestonspire.com
PRISMATIC,http://www.helloprismatic.com
Process Creative,http://www.processcreative.co
Production Club,http://www.production.club
PROPELLER,http://www.propellercommunicates.com
Prosek Partners,http://www.prosek.com
Q.Digital,http://www.q.digital
Racepoint Global,http://www.racepointglobal.com
RadicalMedia,http://www.radicalmedia.com
Radley Studios,http://www.radleystudios.tv
RallyCry,http://www.rallycry.agency
Rambow Studio,http://www.rambow.studio
Real Original,http://www.realoriginal.co
RECOGNIZE,http://www.recognize.com
Red Tettemer O'Connell + Partners,http://www.rtop.com
redGiant Creative™,http://www.redgiantcreative.com
RF Studio53,http://www.osmosisfilms.com
Rhubarb,http://www.rhubarbagency.com
Rightmind Advertising,http://www.rightmindads.com
RITTA,http://www.ritta.com
Rock Creek Productions,http://www.rock-creek.com
ROJEK Consulting,http://www.rojekconsulting.com
Rosewood Creative,http://www.rosewoodcreative.com
Roundhouse,
Royal Ink,http://www.royalinkdesign.com
RP3 Agency,http://www.rp3agency.com
RPA,http://www.rpa.com
Rule29,http://www.rule29.com
RXMOSAIC,http://www.rxmosaic.com
Ryan Saghian Interior Design Studio,http://www.ryansaghian.com
SARANKCO: Creative Studio,http://www.sarankco.com
Sawhorse Productions,http://www.sawhorsela.com
Saywhat,
SCAD Media,http://www.scad-media.com
Scout Digital,http://www.scoutdigital.co
Scribewise,http://www.scribewise.com
Select,http://www.selectdesign.com
Seven Seven Six 7️⃣7️⃣6️⃣,http://www.sevensevensix.com
SGW Integrated Marketing,http://www.sgw.com
Shark Communications,http://www.sharkcomm.com
SheStrikes,http://www.shestrikes.co
Shine United,http://www.shineunited.com
Shinebox,http://www.shinebox.com
"Show Imaging, Inc.",http://www.showimaging.com
Signal Factory,http://www.thesignalfactory.com
Simple Concepts,http://www.simple-concepts.com
Simply180,http://www.simply180.com
Skycar Creative,http://www.skycar.tv
SOS,http://www.sos.work
SPACEJUNK,http://www.spacejunk.com
SPARK,http://www.spark.us
Spool,http://www.spoolmarketing.com
Spot Content Studio,http://www.spot.studio
Square Melon Communications,http://www.squaremelon.com
StackCommerce,http://www.stackcommerce.com
STADIUM,http://www.stadiumcreativegroup.com
Stage3 Agency / S3 MediaWorks,http://www.stage3agency.com
Standard Wonder Group,http://www.standardwonder.com
Steelhead.TV,http://www.steelhead.tv
Stellar Hawk,http://www.stellarhawk.tv
Stephens Direct,http://www.stephensdirect.com
Stept Studios,http://www.steptstudios.com
Steve LeVine Entertainment & Public Relations,http://www.slentertainment.com
STIR Advertising,https://Brave search – Milwaukee independents
Studio Dwell | Interior Design Studio | Luxury Home & Commercial Design,http://www.studiodwell.net
Studio Eight MN,http://www.studioeightmn.com
Studio Luniste | Photo + Video,http://www.studioluniste.com
Studio490 Digital Marketing,http://www.studio490.com
"Substance Media, Inc.",http://www.substance.agency
SuperBloom House,http://www.superbloomhouse.com
Superconductor®,http://www.superconductor.tv
SUPERCOOL CREATIVE AGENCY - FUNNY TV AND VIDEO ADS!,http://www.supercoolcreative.com
Swanson Russell,http://www.swansonrussell.com
Swanson Studio,http://www.swansonstudio.us
Swift,
Swing Set Productions,http://www.swingsetproductions.com
TAG Strategies,http://www.tagstrategies.co
Take7 Productions,http://www.take7productions.com
Taoti Creative,http://www.taoti.com
TariffNinja,http://www.tariffninja.com
Tatanka Creative LLC,http://www.tatankacreative.com
TBWA\Chiat\Day,http://www.tbwachiatday.com
Team One,http://www.teamone-usa.com
Team Whistle,http://www.teamwhistle.com
Team Win Studios,http://www.teamwinstudios.com
Ten Stories,http://www.tenstories.com
Tenova LLC,http://www.tenovallc.com
Tension Division,http://www.tensiondivision.com
The A Group,http://www.agroup.com
"The Ad Agency, LLC",http://www.theadpros.com
The Barn - A Creative Branding Agency,http://www.thebarncreative.org
The Collective,http://www.amyogden.com
The Creative Block,http://www.thecreativeblock.marketing
The Curve,
The Cyphers Agency,http://www.thecyphersagency.com
The Distillery Project,
THE DISTILLERY | Creative Agency,http://www.thedistillery.us
The Forge,http://www.theforge-media.com
The Goondocks,http://www.thegoondocks.tv
The Honos Group,http://www.thehonosgroup.com
The Lede Company,http://www.ledecompany.com
The LEPR Agency,http://www.lepragency.com
The Marketing Machine,http://www.themmachine.com
The New Emotional Intelligence,
The People's Creative Agency,http://www.tpcagency.co
The Scott & Miller Group,http://www.scottandmiller.com
The Shop,http://www.theshopagency.com
The Third Door,
The Wright Group,http://www.wrightgroupusa.com
ThinkSpark Inc.,http://www.thinksparkinc.com
Thread,http://www.madebythread.com
Thrive Global,
Tic Toc Games,http://www.tictocgames.com
TINY HERO,http://www.tinyhero.com
TNH Ad Agency,http://www.tnhagency.com
Todd Allen Design,http://www.tadesign.com
toddstreet,http://www.toddstreet.com
Toilet Paper Concept Shop,http://www.wearetoiletpaper.com
"Tom, Dick & Harry",http://www.tdhcreative.com
"Tom, Dick & Harry Creative",
Tombras,http://www.tombras.com
Toy Robot Media,http://www.toyrobotmedia.com
Trailer Park Group,http://www.trailerparkgroup.com
TRG Multimedia,http://www.trgmultimedia.com
Triglass Productions,http://www.triglassproductions.com
Trio Solutions Inc. (TRIO),http://www.trio-solutions.com
Triple Threat Communications,http://www.ttchealth.com
TriVision,http://www.trivision.com
Trollbäck+Company,http://www.trollback.com
TUX,http://www.tux.co
TWINOAKS,http://www.thetwinoaks.com
Two by Four,
Two Doors Down Productions,http://www.tdd.productions
Two Fresh Creative,http://www.twofresh.tv
Tyler Perry Studios,http://www.tylerperry.com
Uber,http://www.uber.com
Umault,http://www.umault.com
VehicleSF,http://www.vehiclesf.com
Veneer Studio,http://www.veneerstudio.com
Verken,http://www.verken.co
Veronica Studio + Production,http://www.veronica.studio
VFX Direct | Creative Agency,http://www.vfxdirect.com
VISION MILLENNIUM,http://www.visionmillennium.com
Visualeyes,http://www.visualeyes.agency
VNM USA,http://www.vnmusa.com
Walton Isaacson,http://www.waltonisaacson.com
Warm & Fuzzy,http://www.warmnfuzzy.tv
Ways & Means,http://www.ways-means.co
Weekend Post House,http://www.weekendposthouse.com
What's Really Possible,http://www.whatsreallypossible.com
Whitebox Design Agency,http://www.whiteboxagency.com
Wilderness™,http://www.wildernessoffice.com
Wildlife,http://www.wildlife.la
Workshop Creative,http://www.workshopcreative.net
WTBR (Where The Buffalo Roam),http://www.wtbr.tv
Xavier Creative House (XCH),http://www.xaviercreative.com
XPLR.NASH,http://www.xplrnash.com
XVP Studios,http://www.xvpstudios.com
Yard NYC,https://Brave search – NYC independents
Yes& Agency,http://www.yesandagency.com
Young & Rubicam,http://www.yr.com
Youtech,http://www.youtechagency.com
Zambezi,
Zeax Creative Agency,http://www.zeax.co
Zimmer Biomet,http://www.zimmerbiomet.com
